Date,MO,BYD,AER
3/3/2015 16:00,56.46,14.32,44.44
3/4/2015 16:00,55.79,14,44.78
3/5/2015 16:00,55.5,13.96,44.99
3/6/2015 16:00,53.37,13.92,43.96
3/9/2015 16:00,53.83,14.5,43.79
3/10/2015 16:00,53.2,14.39,43.06
3/11/2015 16:00,52.22,14.19,43.18
3/12/2015 16:00,52.01,14.44,43.46
3/13/2015 16:00,51.39,14.41,43.61
3/16/2015 16:00,52.09,14.41,43.78
3/17/2015 16:00,51.62,14.49,43.45
3/18/2015 16:00,51.34,14.5,44.49
3/19/2015 16:00,51.27,14.36,43.97
3/20/2015 16:00,51.42,14.24,44.61
3/23/2015 16:00,51.62,14.4,44.41
3/24/2015 16:00,51.11,14.35,44.24
3/25/2015 16:00,50.15,13.74,43.86
3/26/2015 16:00,50,13.83,43.82
3/27/2015 16:00,50.34,13.94,43.97
3/30/2015 16:00,50.53,14.17,44.59
3/31/2015 16:00,50.02,14.2,43.65
4/1/2015 16:00,50.3,13.87,44.49
4/2/2015 16:00,51.19,14.15,44.76
4/6/2015 16:00,51.49,14.31,44.53
4/7/2015 16:00,51.7,13.71,45.05
4/8/2015 16:00,51.62,13.59,45.43
4/9/2015 16:00,51.86,13.72,45.86
4/10/2015 16:00,52.51,13.8,46.75
4/13/2015 16:00,51.77,13.65,46.47
4/14/2015 16:00,52.12,13.51,46.4
4/15/2015 16:00,51.61,13.53,46.16
4/16/2015 16:00,52.05,13.46,46.08
4/17/2015 16:00,51.75,13.17,45.96
4/20/2015 16:00,52.63,13.23,46.54
4/21/2015 16:00,52.1,13.01,46.25
4/22/2015 16:00,52.12,13.17,46.44
4/23/2015 16:00,52.35,13.4,46.61
4/24/2015 16:00,52.07,13.35,46.86
4/27/2015 16:00,51.4,13.12,46.8
4/28/2015 16:00,51.71,13.23,46.91
4/29/2015 16:00,50.2,13.14,46.75
4/30/2015 16:00,50.05,13.2,46.68
5/1/2015 16:00,50.66,13.54,49.04
5/4/2015 16:00,50.68,13.72,49.18
5/5/2015 16:00,50.35,13.48,48.49
5/6/2015 16:00,50.68,13.53,48.21
5/7/2015 16:00,51.24,13.78,48.35
5/8/2015 16:00,52.17,13.81,49.07
5/11/2015 16:00,51.34,13.71,48.18
5/12/2015 16:00,51.15,13.81,48.48
5/13/2015 16:00,51,13.53,49
5/14/2015 16:00,52.6,13.55,48.99
5/15/2015 16:00,52.82,13.68,48.96
5/18/2015 16:00,51.95,13.83,48.8
5/19/2015 16:00,51.78,13.59,48.22
5/20/2015 16:00,51.8,13.74,47.96
5/21/2015 16:00,51.64,13.85,48.21
5/22/2015 16:00,51.23,13.92,48.07
5/26/2015 16:00,51.28,13.95,47.8
5/27/2015 16:00,51.83,14.32,48.62
5/28/2015 16:00,51.62,14.35,48.88
5/29/2015 16:00,51.2,14.31,48.24
6/1/2015 16:00,51.2,14.79,48.24
6/2/2015 16:00,50.63,14.82,49.93
6/3/2015 16:00,50.35,14.72,50.34
6/4/2015 16:00,49.88,14.61,48.5
6/5/2015 16:00,48.21,14.9,48.53
6/8/2015 16:00,48.32,14.63,47.95
6/9/2015 16:00,48.56,14.62,48.1
6/10/2015 16:00,49.22,14.96,48.35
6/11/2015 16:00,48.33,15.28,47.69
6/12/2015 16:00,48.04,15.16,47.3
6/15/2015 16:00,47.54,15.31,46.56
6/16/2015 16:00,48.02,15.11,46.61
6/17/2015 16:00,48.56,15.13,46.86
6/18/2015 16:00,49.46,15.4,47.08
6/19/2015 16:00,49.32,15.27,46.42
6/22/2015 16:00,49.79,15.27,46.82
6/23/2015 16:00,49.08,15.39,47.98
6/24/2015 16:00,48.97,15.22,47.7
6/25/2015 16:00,49.16,15.15,47.23
6/26/2015 16:00,49.48,15.34,46.89
6/29/2015 16:00,48.67,14.76,45.99
6/30/2015 16:00,48.91,14.95,45.79
7/1/2015 16:00,49.1,14.9,45.79
7/2/2015 16:00,48.99,15.16,45.64
7/6/2015 16:00,49.87,15.25,45.05
7/7/2015 16:00,51.68,15.71,45.11
7/8/2015 16:00,51.03,15.4,44.35
7/9/2015 16:00,50.95,15.56,44.89
7/10/2015 16:00,51.31,16.02,45.79
7/13/2015 16:00,51.33,16.47,46.89
7/14/2015 16:00,51.35,16.88,46.95
7/15/2015 16:00,51.23,16.93,46.4
7/16/2015 16:00,52.91,17.15,47.05
7/17/2015 16:00,53.22,17.24,47.15
7/20/2015 16:00,53.71,16.8,47.35
7/21/2015 16:00,53.55,16.82,47.53
7/22/2015 16:00,53.96,16.72,46.73
7/23/2015 16:00,53.82,16.82,46.02
7/24/2015 16:00,53.79,16.84,45.29
7/27/2015 16:00,53.95,16.48,44.33
7/28/2015 16:00,55.25,17.16,44.67
7/29/2015 16:00,54.4,16.89,46.19
7/30/2015 16:00,54.2,16.95,46.13
7/31/2015 16:00,54.38,17.09,46.84
8/3/2015 16:00,54.66,17.05,46.66
8/4/2015 16:00,54.92,17.17,46.8
8/5/2015 16:00,55.47,17.17,46.75
8/6/2015 16:00,55.57,16.91,46.22
8/7/2015 16:00,55.49,16.95,46.54
8/10/2015 16:00,55.71,17.01,48.22
8/11/2015 16:00,55.73,16.78,47.39
8/12/2015 16:00,55.74,17.21,47.47
8/13/2015 16:00,55.57,17.47,47.05
8/14/2015 16:00,55.76,17.55,47.27
8/17/2015 16:00,55.67,17.99,48.49
8/18/2015 16:00,55.2,17.62,48.01
8/19/2015 16:00,54.81,17.4,46.71
8/20/2015 16:00,54.73,16.73,44.75
8/21/2015 16:00,53.94,16.03,43.3
8/24/2015 16:00,52.14,15.5,40.33
8/25/2015 16:00,51.82,15.65,39.32
8/26/2015 16:00,53.21,15.6,40.84
8/27/2015 16:00,53.71,16.05,41.77
8/28/2015 16:00,54.17,16.49,42.26
8/31/2015 16:00,53.58,16.1,42.04
9/1/2015 16:00,52.03,15.81,40.49
9/2/2015 16:00,53.13,16.02,41.05
9/3/2015 16:00,53.59,16.15,41.24
9/4/2015 16:00,52.38,16.09,40.47
9/8/2015 16:00,53.49,16.83,42.36
9/9/2015 16:00,53.02,16.64,41.65
9/10/2015 16:00,53.27,16.48,42.21
9/11/2015 16:00,52.59,16.5,42.21
9/14/2015 16:00,52.45,16.8,41.76
9/15/2015 16:00,54.11,17.09,42.57
9/16/2015 16:00,55.36,17.46,42.93
9/17/2015 16:00,54.69,17.42,43.28
9/18/2015 16:00,54.05,17.05,42.41
9/21/2015 16:00,54.79,16.97,42.99
9/22/2015 16:00,54.2,16.71,42.36
9/23/2015 16:00,54.4,16.52,41.86
9/24/2015 16:00,54.61,16.36,41.4
9/25/2015 16:00,54.79,16.27,40.96
9/28/2015 16:00,54.63,15.53,38.29
9/29/2015 16:00,54.23,15.1,37.71
9/30/2015 16:00,54.4,16.3,38.24
10/1/2015 16:00,54.22,16.97,38.45
10/2/2015 16:00,54.86,17.29,40.49
10/5/2015 16:00,55.73,17.98,41.84
10/6/2015 16:00,55.41,17.75,41.67
10/7/2015 16:00,55.9,17.89,42.73
10/8/2015 16:00,56.37,17.95,43.18
10/9/2015 16:00,56.81,17.76,43.06
10/12/2015 16:00,57.46,17.59,43.24
10/13/2015 16:00,57.62,17.42,42.83
10/14/2015 16:00,57.55,17.41,39.92
10/15/2015 16:00,57.87,17.85,40.56
10/16/2015 16:00,58.72,17.93,39.31
10/19/2015 16:00,59.66,18.08,39.83
10/20/2015 16:00,59.74,18.41,40.26
10/21/2015 16:00,59.84,18.05,39.78
10/22/2015 16:00,61.4,18.44,40.37
10/23/2015 16:00,61.05,19.35,41.34
10/26/2015 16:00,61.4,19.38,41
10/27/2015 16:00,61.06,19.25,39.69
10/28/2015 16:00,61.44,20,40.42
10/29/2015 16:00,61.53,19.98,40.98
10/30/2015 16:00,60.47,19.99,41.5
11/2/2015 16:00,60.5,20.41,42.05
11/3/2015 16:00,57.85,20.65,41.46
11/4/2015 16:00,58.03,20.67,41.28
11/5/2015 16:00,58.05,20.89,41.04
11/6/2015 16:00,57.09,21.12,42.52
11/9/2015 16:00,57.08,20.57,41.22
11/10/2015 16:00,56.79,20.83,40.3
11/11/2015 16:00,57.21,20.68,40.86
11/12/2015 16:00,56.76,20.34,39.6
11/13/2015 16:00,56.28,19.9,40.53
11/16/2015 16:00,56.77,19.58,41.78
11/17/2015 16:00,56.68,19.98,41.56
11/18/2015 16:00,57.06,20.57,42.8
11/19/2015 16:00,57.46,20.37,42.83
11/20/2015 16:00,57.13,20.17,43.24
11/23/2015 16:00,57.62,19.95,43.9
11/24/2015 16:00,57.57,20.17,43.73
11/25/2015 16:00,57.5,20.22,43.72
11/27/2015 16:00,57.75,20.35,44.23
11/30/2015 16:00,57.6,19.59,45.44
12/1/2015 16:00,57.89,19.7,45.77
12/2/2015 16:00,57.84,20.07,45.28
12/3/2015 16:00,57.09,19.53,44.53
12/4/2015 16:00,58.51,19.69,45.25
12/7/2015 16:00,58.27,19.23,44.49
12/8/2015 16:00,58.23,18.91,42.12
12/9/2015 16:00,57.33,18.9,41.31
12/10/2015 16:00,57.18,18.66,41.54
12/11/2015 16:00,56.46,18,40.37
12/14/2015 16:00,57.52,16.82,39.52
12/15/2015 16:00,57.34,17.21,40.17
12/16/2015 16:00,58.95,18.94,40.85
12/17/2015 16:00,58.43,19.1,40.16
12/18/2015 16:00,57.13,18.7,40.14
12/21/2015 16:00,57.44,19.39,41.41
12/22/2015 16:00,57.77,19.07,41.81
12/23/2015 16:00,58.43,19.31,43.04
12/24/2015 16:00,58.29,19.72,43.15
12/28/2015 16:00,58.27,19.56,42.75
12/29/2015 16:00,58.92,19.83,43.51
12/30/2015 16:00,58.8,19.92,42.98
12/31/2015 16:00,58.21,19.87,43.16
1/4/2016 16:00,57.39,19.01,41.77
1/5/2016 16:00,58.55,19.07,40.99
1/6/2016 16:00,59.17,19.11,39.95
1/7/2016 16:00,58.14,17.78,37.9
1/8/2016 16:00,58.24,18.58,36.71
1/11/2016 16:00,59.46,18.55,36.7
1/12/2016 16:00,59.38,18.14,37.9
1/13/2016 16:00,57.78,17.38,36.1
1/14/2016 16:00,58.22,17.84,36.55
1/15/2016 16:00,57.2,17.89,34.01
1/19/2016 16:00,58.4,17.27,32.85
1/20/2016 16:00,57.22,16.52,31.4
1/21/2016 16:00,57.45,16.46,32.09
1/22/2016 16:00,58.28,16.87,32.95
1/25/2016 16:00,58.4,16.4,30.8
1/26/2016 16:00,58.96,16.69,31.76
1/27/2016 16:00,58.96,16.96,30.28
1/28/2016 16:00,59.63,17.24,28.84
1/29/2016 16:00,61.11,17.81,30.71
2/1/2016 16:00,60.94,17.85,31.04
2/2/2016 16:00,60.49,17.03,28.64
2/3/2016 16:00,59.84,16.64,28.43
2/4/2016 16:00,59.48,16.83,28.97
2/5/2016 16:00,59.8,15.86,27.84
2/8/2016 16:00,60.12,15.04,25.54
2/9/2016 16:00,60.45,15.04,26.79
2/10/2016 16:00,60.05,15.36,27.05
2/11/2016 16:00,59.99,14.96,26.34
2/12/2016 16:00,59.97,15.98,28.06
2/16/2016 16:00,60.3,16.81,29.15
2/17/2016 16:00,60.4,17.25,30.97
2/18/2016 16:00,60.62,17.07,32
2/19/2016 16:00,60.56,16.3,31.7
2/22/2016 16:00,61.21,16.68,33.42
2/23/2016 16:00,61.52,16.22,33.17
2/24/2016 16:00,61.36,16.27,34.15
2/25/2016 16:00,62.38,16.36,34.66
2/26/2016 16:00,61.54,17.64,35.49
2/29/2016 16:00,61.57,17.32,35.73
3/1/2016 16:00,61.73,17.99,36.68
3/2/2016 16:00,61.5,18.05,37.75
3/3/2016 16:00,62.23,18.06,37.99
3/4/2016 16:00,62.98,17.88,37.63
3/7/2016 16:00,61.81,17.45,37.76
3/8/2016 16:00,62.3,17.27,36.19
3/9/2016 16:00,62.81,17.84,36.95
3/10/2016 16:00,63,17.79,36.4
3/11/2016 16:00,62.01,18.68,37.61
3/14/2016 16:00,62.01,18.81,37.94
3/15/2016 16:00,61.86,18.34,36.82
3/16/2016 16:00,62.07,19.07,37.68
3/17/2016 16:00,62.33,19.03,38.41
3/18/2016 16:00,61.54,18.99,38.32
3/21/2016 16:00,61.72,18.77,38.57
3/22/2016 16:00,61,19.85,38.54
3/23/2016 16:00,61.41,19.47,38.07
3/24/2016 16:00,60.88,19.79,37.51
3/28/2016 16:00,61.63,19.74,38.04
3/29/2016 16:00,62.03,20.7,38.39
3/30/2016 16:00,62.58,20.74,39.11
3/31/2016 16:00,62.66,20.66,38.76
4/1/2016 16:00,63.06,20.87,38.89
4/4/2016 16:00,63.23,20.84,38.25
4/5/2016 16:00,62.93,20.74,37.16
4/6/2016 16:00,63.56,20.87,37.46
4/7/2016 16:00,63.41,20.91,36.7
4/8/2016 16:00,63.8,21.2,37.88
4/11/2016 16:00,63.31,20.74,38.21
4/12/2016 16:00,63.82,21.22,38.52
4/13/2016 16:00,62.07,21.35,39.46
4/14/2016 16:00,61.59,21.05,39.47
4/15/2016 16:00,61.68,21.1,39.73
4/18/2016 16:00,62.17,20.99,39.96
4/19/2016 16:00,61.71,21.06,40.5
4/20/2016 16:00,61.48,21.12,40.49
4/21/2016 16:00,60.18,20.93,40.6
4/22/2016 16:00,60.52,20.03,41.43
4/25/2016 16:00,61.22,20.2,40.6
4/26/2016 16:00,61.35,20.62,41.15
4/27/2016 16:00,61.55,19.61,42.19
4/28/2016 16:00,62.19,19.19,41.21
4/29/2016 16:00,62.71,18.64,40.01
5/2/2016 16:00,63.12,19.22,40.38
5/3/2016 16:00,63.2,18.63,39.5
5/4/2016 16:00,63.23,18.68,39.59
5/5/2016 16:00,62.84,18.77,39.95
5/6/2016 16:00,62.93,18.73,40.75
5/9/2016 16:00,63.66,19.05,40.01
5/10/2016 16:00,64.6,19.48,40.42
5/11/2016 16:00,64.61,19.19,40.25
5/12/2016 16:00,65.02,19.1,36.84
5/13/2016 16:00,64.58,18.96,36.61
5/16/2016 16:00,64.76,18.8,37.31
5/17/2016 16:00,63.88,18.52,38.01
5/18/2016 16:00,62.99,18.69,37.8
5/19/2016 16:00,63.35,18.4,36.61
5/20/2016 16:00,62.96,18.23,37.29
5/23/2016 16:00,63.24,18.36,36.98
5/24/2016 16:00,63.79,18.4,38.35
5/25/2016 16:00,63.92,18.54,39
5/26/2016 16:00,64,18.44,38.64
5/27/2016 16:00,63.96,18.82,38.84
5/31/2016 16:00,63.64,18.91,39.09
6/1/2016 16:00,64.35,19.42,38.82
6/2/2016 16:00,64.31,19.71,38.91
6/3/2016 16:00,65.3,19.48,38.29
6/6/2016 16:00,65.2,19.32,39.6
6/7/2016 16:00,65.1,19.36,40
6/8/2016 16:00,65.62,19.41,39.85
6/9/2016 16:00,65.86,19.2,39.14
6/10/2016 16:00,66.13,18.84,37.44
6/13/2016 16:00,64.84,18.47,36.78
6/14/2016 16:00,65.3,18.6,36.82
6/15/2016 16:00,65.33,18.6,36.86
6/16/2016 16:00,65.95,18.35,36.86
6/17/2016 16:00,65.4,18.69,36.98
6/20/2016 16:00,65.88,18.85,38.08
6/21/2016 16:00,66.18,19.18,38.34
6/22/2016 16:00,66.15,18.76,38.1
6/23/2016 16:00,66.31,19.07,38.34
6/24/2016 16:00,67.02,18.26,34.56
6/27/2016 16:00,67.93,17.45,31.55
6/28/2016 16:00,67.91,17.95,32.14
6/29/2016 16:00,67.83,18.26,33.22
6/30/2016 16:00,68.96,18.4,33.59
7/1/2016 16:00,69.02,18.3,33.87
7/5/2016 16:00,69.61,18.13,32.52
7/6/2016 16:00,69.72,18.24,32.74
7/7/2016 16:00,69.3,18.29,33.03
7/8/2016 16:00,69.83,18.74,34.5
7/11/2016 16:00,69.87,18.72,35.01
7/12/2016 16:00,68.87,18.93,36.28
7/13/2016 16:00,69.08,19.09,36.11
7/14/2016 16:00,68.92,19.17,36.88
7/15/2016 16:00,69.41,19.18,36.92
7/18/2016 16:00,69.17,19.25,37.8
7/19/2016 16:00,69.22,18.87,37.59
7/20/2016 16:00,69.01,19.17,37.66
7/21/2016 16:00,68.73,18.86,37.54
7/22/2016 16:00,68.86,18.92,35.74
7/25/2016 16:00,68.8,18.72,36.41
7/26/2016 16:00,67.93,19.1,36.35
7/27/2016 16:00,66.75,19.18,36.65
7/28/2016 16:00,67.11,19.7,36.41
7/29/2016 16:00,67.7,19.61,36.51
8/1/2016 16:00,67.65,19.44,36.49
8/2/2016 16:00,67.34,19.06,35.43
8/3/2016 16:00,66.37,18.99,36.25
8/4/2016 16:00,66.62,18.4,35.84
8/5/2016 16:00,66.53,18.75,36.72
8/8/2016 16:00,66.49,18.84,37.76
8/9/2016 16:00,66.62,19.38,38.22
8/10/2016 16:00,66.84,19.39,38.16
8/11/2016 16:00,66.74,20,38.15
8/12/2016 16:00,66.74,19.82,38.04
8/15/2016 16:00,66.26,19.74,38.41
8/16/2016 16:00,66.26,19.57,38.55
8/17/2016 16:00,66.46,19.57,39.35
8/18/2016 16:00,66.31,19.69,38.99
8/19/2016 16:00,66.33,19.8,39.15
8/22/2016 16:00,66.34,19.76,38.74
8/23/2016 16:00,66.46,20.26,39.5
8/24/2016 16:00,66.16,20.04,39.01
8/25/2016 16:00,65.92,19.95,39.06
8/26/2016 16:00,65.83,19.92,39
8/29/2016 16:00,66.1,19.71,39.44
8/30/2016 16:00,65.88,19.52,39.8
8/31/2016 16:00,66.09,19.5,39.97
9/1/2016 16:00,66.32,19.73,40.14
9/2/2016 16:00,66.88,19.66,40.57
9/6/2016 16:00,67.2,19.63,40.07
9/7/2016 16:00,66.72,19.77,40.32
9/8/2016 16:00,66.4,19.8,40.67
9/9/2016 16:00,63.56,19.03,39.32
9/12/2016 16:00,64.67,19.13,40.13
9/13/2016 16:00,63.55,18.54,39.6
9/14/2016 16:00,63.12,18.69,39.99
9/15/2016 16:00,63.25,18.73,40.25
9/16/2016 16:00,62.8,18.48,39.03
9/19/2016 16:00,62.72,18.61,38.64
9/20/2016 16:00,62.97,18.51,37.73
9/21/2016 16:00,63.5,18.74,37.55
9/22/2016 16:00,64.12,19.24,38
9/23/2016 16:00,63.87,19.09,37.67
9/26/2016 16:00,63.03,19.01,36.93
9/27/2016 16:00,63.32,19.26,37.02
9/28/2016 16:00,63.77,19.75,38.04
9/29/2016 16:00,62.82,19.34,37.76
9/30/2016 16:00,63.23,19.78,38.49
10/3/2016 16:00,62.85,19.63,38.95
10/4/2016 16:00,61.78,19.59,38.93
10/5/2016 16:00,61.22,19.77,39.93
10/6/2016 16:00,61.78,19.78,40.08
10/7/2016 16:00,61.92,19.44,39.93
10/10/2016 16:00,61.75,19.69,40.66
10/11/2016 16:00,61.99,19.34,40.56
10/12/2016 16:00,62.54,19.31,40.5
10/13/2016 16:00,62.69,19.09,38.86
10/14/2016 16:00,62.44,19,38.77
10/17/2016 16:00,62.43,19,39.16
10/18/2016 16:00,62.66,19.04,40.4
10/19/2016 16:00,61.91,19.04,40.92
10/20/2016 16:00,61.85,18.98,40.79
10/21/2016 16:00,63.7,18.65,40.72
10/24/2016 16:00,64.95,18.83,40.85
10/25/2016 16:00,64.71,18.7,40.8
10/26/2016 16:00,64.52,18.51,41.15
10/27/2016 16:00,64.43,17.96,40.91
10/28/2016 16:00,65.88,17.99,40.99
10/31/2016 16:00,66.12,17.86,41.11
11/1/2016 16:00,65.48,17.6,40.68
11/2/2016 16:00,65.12,17,40.53
11/3/2016 16:00,65.07,17.11,40.77
11/4/2016 16:00,64.38,17.3,41.29
11/7/2016 16:00,65.27,17.59,41.71
11/8/2016 16:00,65.84,17.75,41.98
11/9/2016 16:00,64.04,18.35,41.79
11/10/2016 16:00,61.72,18.22,41.82
11/11/2016 16:00,61.76,18.69,42.33
11/14/2016 16:00,61.19,18.78,43.46
11/15/2016 16:00,61.81,18.61,44.45
11/16/2016 16:00,62.66,18.67,44.04
11/17/2016 16:00,62.81,18.82,44.98
11/18/2016 16:00,62.77,18.56,44.34
11/21/2016 16:00,63.69,18.65,45.17
11/22/2016 16:00,64.21,18.67,45.46
11/23/2016 16:00,64.02,18.95,43.9
11/25/2016 16:00,64.48,19.28,44.29
11/28/2016 16:00,64.83,19.22,43.6
11/29/2016 16:00,65.18,19.27,43.42
11/30/2016 16:00,63.93,18.84,42.85
12/1/2016 16:00,62.89,18.7,43.22
12/2/2016 16:00,63.99,18.9,43.33
12/5/2016 16:00,63.53,19.24,43.54
12/6/2016 16:00,64.3,19.63,44.03
12/7/2016 16:00,65.41,20.28,44.03
12/8/2016 16:00,65.36,21,44.53
12/9/2016 16:00,66.27,21.46,44.49
12/12/2016 16:00,66.49,20.81,43.6
12/13/2016 16:00,66.69,21.04,43.5
12/14/2016 16:00,65.94,20.76,42.78
12/15/2016 16:00,66.26,20.71,42.74
12/16/2016 16:00,67.04,20.84,42.44
12/19/2016 16:00,67.76,20.78,42.47
12/20/2016 16:00,67.34,20.69,42.62
12/21/2016 16:00,67.27,20.73,43.03
12/22/2016 16:00,67.68,20.64,42.23
12/23/2016 16:00,67.72,20.49,42.2
12/27/2016 16:00,67.82,20.32,42.35
12/28/2016 16:00,67.51,20.18,41.79
12/29/2016 16:00,67.85,20.28,41.57
12/30/2016 16:00,67.62,20.17,41.61
1/3/2017 16:00,67.63,20.41,42.74
1/4/2017 16:00,67.85,20.82,43.34
1/5/2017 16:00,67.93,20.88,43.69
1/6/2017 16:00,68.23,20.24,43.6
1/9/2017 16:00,67.95,19.64,43.14
1/10/2017 16:00,67.72,19.6,43.49
1/11/2017 16:00,67.65,19.45,43.76
1/12/2017 16:00,67.51,19.64,42.86
1/13/2017 16:00,67.58,19.61,43
1/17/2017 16:00,68.48,19.59,42.22
1/18/2017 16:00,69.16,19.62,42.53
1/19/2017 16:00,69.55,19.39,41.68
1/20/2017 16:00,70.01,19.47,42.08
1/23/2017 16:00,70.55,19.34,42.13
1/24/2017 16:00,70.76,19.59,43.18
1/25/2017 16:00,70.96,20.49,43.81
1/26/2017 16:00,70.85,20.4,44.24
1/27/2017 16:00,71.03,20.64,44.34
1/30/2017 16:00,71.3,20.32,44.13
1/31/2017 16:00,71.18,20.32,44.27
2/1/2017 16:00,71.39,20.83,44.4
2/2/2017 16:00,71.45,21.06,44.55
2/3/2017 16:00,71.49,21.04,45.1
2/6/2017 16:00,71.29,20.83,44.93
2/7/2017 16:00,72.2,20.81,44.95
2/8/2017 16:00,72.15,20.67,45.13
2/9/2017 16:00,72.49,20.86,45.94
2/10/2017 16:00,72.42,20.86,46.3
2/13/2017 16:00,72.04,20.9,46.41
2/14/2017 16:00,71.88,20.66,46.8
2/15/2017 16:00,72.17,21.33,47.14
2/16/2017 16:00,72.71,20.26,46.79
2/17/2017 16:00,72.97,20.35,46.65
2/21/2017 16:00,73.65,20.16,47.67
2/22/2017 16:00,73.6,20.02,46.89
2/23/2017 16:00,74.46,19.87,45.68
2/24/2017 16:00,74.43,19.75,45.35
2/27/2017 16:00,74.59,19.7,45.66
2/28/2017 16:00,74.92,19.67,45.3
3/1/2017 16:00,75.6,20.1,46.09
3/2/2017 16:00,75.72,19.69,45.81
3/3/2017 16:00,75.57,19.56,46.12
3/6/2017 16:00,75.58,19.94,45.24
3/7/2017 16:00,76.1,19.77,45.02
3/8/2017 16:00,75.84,19.89,45.31
3/9/2017 16:00,76.19,20.03,44.89
3/10/2017 16:00,76.45,20.34,45.14
3/13/2017 16:00,75.65,20.3,44.86
3/14/2017 16:00,75.34,20.32,45.12
3/15/2017 16:00,75.67,20.34,45.36
3/16/2017 16:00,75.3,20.21,45.63
3/17/2017 16:00,75.16,20.4,45.46
3/20/2017 16:00,75.58,20.33,45.25
3/21/2017 16:00,75.93,20.03,44.26
3/22/2017 16:00,75.07,19.83,44.33
3/23/2017 16:00,74.02,20.6,44.78
3/24/2017 16:00,73.17,20.61,44.57
3/27/2017 16:00,73.2,21.35,44.42
3/28/2017 16:00,73.19,21.51,45.2
3/29/2017 16:00,72.96,21.4,45.54
3/30/2017 16:00,72.05,21.71,45.91
3/31/2017 16:00,71.42,22.01,45.97
4/3/2017 16:00,71.62,21.94,45.33
4/4/2017 16:00,71.95,21.84,45.45
4/5/2017 16:00,71.93,21.32,45.46
4/6/2017 16:00,71.42,21.83,44.16
4/7/2017 16:00,71.71,21.85,43.38
4/10/2017 16:00,71.76,21.91,44.24
4/11/2017 16:00,72.08,22.23,44.02
4/12/2017 16:00,72.16,21.69,43.41
4/13/2017 16:00,71.3,21.38,43.03
4/17/2017 16:00,72.31,22.03,43.72
4/18/2017 16:00,72.34,22.36,43.64
4/19/2017 16:00,72.11,22.43,44.11
4/20/2017 16:00,71.41,22.42,44.64
4/21/2017 16:00,71.47,22.17,43.83
4/24/2017 16:00,72.55,22.53,45.09
4/25/2017 16:00,72.43,22.72,45.12
4/26/2017 16:00,71.51,22.84,45.38
4/27/2017 16:00,71.53,23.04,45.61
4/28/2017 16:00,71.78,22.68,46.01
5/1/2017 16:00,70.8,22.84,46.26
5/2/2017 16:00,70.83,22.46,46.41
5/3/2017 16:00,70.22,24.33,46.26
5/4/2017 16:00,70.31,24.29,46.11
5/5/2017 16:00,70.92,24.39,44.99
5/8/2017 16:00,70.71,24.45,45.09
5/9/2017 16:00,70.29,24.6,46.02
5/10/2017 16:00,70.31,24.85,45.03
5/11/2017 16:00,70.48,24.65,44.96
5/12/2017 16:00,70.65,24.8,44.62
5/15/2017 16:00,70.67,24.95,45.03
5/16/2017 16:00,70.95,25.38,44.78
5/17/2017 16:00,70.55,24.77,43.45
5/18/2017 16:00,70.54,24.76,43.45
5/19/2017 16:00,70.9,25.01,44.49
5/22/2017 16:00,72.04,25.22,44.98
5/23/2017 16:00,72.13,25.04,45.03
5/24/2017 16:00,72.85,25.16,45.1
5/25/2017 16:00,74.14,25.06,44.95
5/26/2017 16:00,74.41,25.19,44.8
5/30/2017 16:00,75.07,25.22,43.94
5/31/2017 16:00,75.44,25.41,44.02
6/1/2017 16:00,75.4,25.8,44.99
6/2/2017 16:00,75.12,25.32,45.42
6/5/2017 16:00,75.06,25.19,44.85
6/6/2017 16:00,75.27,25.38,44.73
6/7/2017 16:00,75.61,25.83,44.76
6/8/2017 16:00,75.21,25.93,44.98
6/9/2017 16:00,75.46,24.89,45.41
6/12/2017 16:00,75.4,24.83,45.38
6/13/2017 16:00,74.95,25.2,45.66
6/14/2017 16:00,75.75,25.05,46.73
6/15/2017 16:00,76.41,25.13,46.21
6/16/2017 16:00,77.28,25.19,46.14
6/19/2017 16:00,77.71,25.68,46.25
6/20/2017 16:00,77.33,25.22,45.72
6/21/2017 16:00,77.03,24.74,44.98
6/22/2017 16:00,76.48,24.5,45.1
6/23/2017 16:00,76.49,25.11,45.64
6/26/2017 16:00,76.53,25.25,45.64
6/27/2017 16:00,75.38,24.83,45.61
6/28/2017 16:00,75.84,25.25,46.89
6/29/2017 16:00,74.4,24.93,46.84
6/30/2017 16:00,74.47,24.81,46.43
7/3/2017 16:00,74.53,24.54,46.96
7/5/2017 16:00,74.61,24.75,47.18
7/6/2017 16:00,74.32,24.4,46.58
7/7/2017 16:00,74.25,24.8,46.83
7/10/2017 16:00,73.69,25.18,47.49
7/11/2017 16:00,73.43,25.26,47.12
7/12/2017 16:00,73.89,25.77,47.5
7/13/2017 16:00,73.48,25.36,47.89
7/14/2017 16:00,73.93,25.53,47.63
7/17/2017 16:00,73.37,25.27,48.12
7/18/2017 16:00,73.33,25.72,48.27
7/19/2017 16:00,73.55,26,48.87
7/20/2017 16:00,73.59,25.98,49.91
7/21/2017 16:00,73.42,25.86,49.51
7/24/2017 16:00,72.64,26.19,49.4
7/25/2017 16:00,72.24,26.23,49.02
7/26/2017 16:00,71.73,26.23,48.8
7/27/2017 16:00,73.96,25.77,48.88
7/28/2017 16:00,66.94,25.2,49.04
7/31/2017 16:00,64.97,25.06,49.1
8/1/2017 16:00,65.5,25.39,49.41
8/2/2017 16:00,65.55,25.62,48.89
8/3/2017 16:00,65.54,25.57,49.45
8/4/2017 16:00,65.52,26.02,50.13
8/7/2017 16:00,65.99,26.67,50.24
8/8/2017 16:00,65.38,26.3,49.86
8/9/2017 16:00,65.31,26.16,49.95
8/10/2017 16:00,64.77,26.47,48.96
8/11/2017 16:00,64.31,26.2,48.33
8/14/2017 16:00,64.84,26.28,48.63
8/15/2017 16:00,65.3,26.42,48.55
8/16/2017 16:00,65.45,26.19,48.98
8/17/2017 16:00,64.3,25.83,48.2
8/18/2017 16:00,63.69,25.56,47.96
8/21/2017 16:00,64.39,26.07,47.87
8/22/2017 16:00,64.06,26.4,48.52
8/23/2017 16:00,63.71,26.09,48.42
8/24/2017 16:00,63.6,26.07,48.82
8/25/2017 16:00,64.08,26.46,49.11
8/28/2017 16:00,63.93,26.26,49.2
8/29/2017 16:00,63.81,25.98,49.48
8/30/2017 16:00,64.05,25.96,49.66
8/31/2017 16:00,63.4,26.44,50.3
9/1/2017 16:00,63.54,26.5,50.39
9/5/2017 16:00,62.87,26.46,49.53
9/6/2017 16:00,63.27,26.63,49.19
9/7/2017 16:00,62.73,26.77,48.56
9/8/2017 16:00,62.23,26.64,49
9/11/2017 16:00,62.49,26.79,49.17
9/12/2017 16:00,62.5,26.7,49.58
9/13/2017 16:00,62.51,26.37,49.44
9/14/2017 16:00,62.28,26.21,49.01
9/15/2017 16:00,62.39,26.09,49.61
9/18/2017 16:00,62.56,26.12,49.24
9/19/2017 16:00,62.23,25.99,50.02
9/20/2017 16:00,61.22,25.98,50.2
9/21/2017 16:00,61.5,25.92,50.16
9/22/2017 16:00,62.49,25.04,49.9
9/25/2017 16:00,63.79,24.77,49.78
9/26/2017 16:00,64.52,25.18,50.27
9/27/2017 16:00,64.41,25.18,50.03
9/28/2017 16:00,64.19,25.27,50.65
9/29/2017 16:00,63.42,26.05,51.11
10/2/2017 16:00,62.9,26.04,51.46
10/3/2017 16:00,63.37,25.71,51.84
10/4/2017 16:00,63.49,25.58,51.99
10/5/2017 16:00,63.81,27.18,52
10/6/2017 16:00,62.55,27.62,51.97
10/9/2017 16:00,63.57,27.4,52.09
10/10/2017 16:00,65.01,27.5,52.05
10/11/2017 16:00,64.87,27.8,52
10/12/2017 16:00,65.35,27.8,52.06
10/13/2017 16:00,65.05,27.69,52.35
10/16/2017 16:00,65.37,27.9,52.44
10/17/2017 16:00,64.87,27.95,52.43
10/18/2017 16:00,64.81,28.6,52.33
10/19/2017 16:00,64.37,28.4,52.26
10/20/2017 16:00,65,28.7,53.06
10/23/2017 16:00,64.5,28.46,52.55
10/24/2017 16:00,64.13,28.38,52.9
10/25/2017 16:00,63.79,27.7,52.06
10/26/2017 16:00,65.79,27.31,52.62
10/27/2017 16:00,64.92,29.11,52.43
10/30/2017 16:00,64.05,28.62,52.52
10/31/2017 16:00,64.22,29.23,52.64
11/1/2017 16:00,64.7,29.1,52.86
11/2/2017 16:00,63.9,28.94,53.01
11/3/2017 16:00,63.91,29.2,52.51
11/6/2017 16:00,63.45,29.35,52.3
11/7/2017 16:00,64.31,29.08,52.19
11/8/2017 16:00,64.59,29.52,51.98
11/9/2017 16:00,64.51,29.27,51.87
11/10/2017 16:00,65.02,28.89,51.67
11/13/2017 16:00,65.84,29.11,50.61
11/14/2017 16:00,65.73,29.41,50.15
11/15/2017 16:00,65.26,29.01,49.75
11/16/2017 16:00,65.88,29.7,50.19
11/17/2017 16:00,66.42,29.99,50.48
11/20/2017 16:00,65.83,30.42,50.87
11/21/2017 16:00,65.65,30.39,50.71
11/22/2017 16:00,65.49,30.23,50.81
11/24/2017 13:00,65.48,30.38,51.31
11/27/2017 16:00,65.07,30.7,51.13
11/28/2017 16:00,66.4,30.99,51.71
11/29/2017 16:00,67.37,31.27,51.74
11/30/2017 16:00,67.83,31.89,51.97
12/1/2017 16:00,68.58,32.05,52.14
12/4/2017 16:00,70.08,32.04,51.98
12/5/2017 16:00,70.18,32.07,51.88
12/6/2017 16:00,71.66,31.65,51.77
12/7/2017 16:00,71.5,32.02,52.3
12/8/2017 16:00,71.54,32.03,52.36
12/11/2017 16:00,71.65,32.1,52.06
12/12/2017 16:00,71.72,31.47,52.54
12/13/2017 16:00,72.32,32.39,52.58
12/14/2017 16:00,71.79,31.82,52.12
12/15/2017 16:00,71.67,32.33,52.67
12/18/2017 16:00,72.65,34.77,53.02
12/19/2017 16:00,73.9,35.09,52.74
12/20/2017 16:00,72.6,34.47,52.69
12/21/2017 16:00,71.94,35.81,52.98
12/22/2017 16:00,72.14,35.26,53.06
12/26/2017 16:00,72.08,35.55,52.84
12/27/2017 16:00,72.43,35.41,52.8
12/28/2017 16:00,71.27,35.35,52.99
12/29/2017 16:00,71.41,35.05,52.61
1/2/2018 16:00,70.74,34.48,52.63
1/3/2018 16:00,70.48,34.92,52.68
1/4/2018 16:00,70.2,35.11,52.97
1/5/2018 16:00,70.4,36.8,53.27
1/8/2018 16:00,70.31,35.99,53.44
1/9/2018 16:00,69.57,36.12,53.48
1/10/2018 16:00,70.29,35.98,53.4
1/11/2018 16:00,70.29,36.81,54.1
1/12/2018 16:00,69.61,36.48,54.23
1/16/2018 16:00,68.92,36.16,53.9
1/17/2018 16:00,70.15,37.21,54.06
1/18/2018 16:00,70.03,37.16,53.73
1/19/2018 16:00,71.12,37.74,54.11
1/22/2018 16:00,71.28,37.49,54.5
1/23/2018 16:00,71.45,38.47,54.58
1/24/2018 16:00,71.56,38.82,54.55
1/25/2018 16:00,69.91,39.6,54.68
1/26/2018 16:00,71.02,39.32,55.04
1/29/2018 16:00,69.83,39.18,54.95
1/30/2018 16:00,69.82,38.85,54.17
1/31/2018 16:00,70.34,39.47,54.1
2/1/2018 16:00,69.93,39.91,53.95
2/2/2018 16:00,69.4,38.58,53.04
2/5/2018 16:00,66.04,37.06,51.63
2/6/2018 16:00,66.53,38.02,52.07
2/7/2018 16:00,66.79,37.79,52.24
2/8/2018 16:00,64.05,36.24,50.97
2/9/2018 16:00,64.03,35.5,50.9
2/12/2018 16:00,65.35,35.23,51.85
2/13/2018 16:00,65.64,35.91,51.66
2/14/2018 16:00,65.18,36.39,52.67
2/15/2018 16:00,65.32,37.32,51.97
2/16/2018 16:00,65.46,37.34,51.96
2/20/2018 16:00,64.19,37.6,51.58
2/21/2018 16:00,63.93,35.01,51.49
2/22/2018 16:00,63.34,34.05,51.2
2/23/2018 16:00,64.59,35.27,50.92
2/26/2018 16:00,65.43,35.29,51.58
2/27/2018 16:00,64,34.96,50.42
2/28/2018 16:00,62.95,35.38,49.61
3/1/2018 16:00,62.43,34.93,49.55
3/2/2018 16:00,62.55,35.31,49.34
3/5/2018 16:00,64.13,35.29,49.13
3/6/2018 16:00,64.77,35.65,49.31
3/7/2018 16:00,64.07,35.8,48.94
3/8/2018 16:00,65.43,35.71,49.21
3/9/2018 16:00,65.65,35.4,49.78
3/12/2018 16:00,65.77,34.4,49.37
3/13/2018 16:00,66.13,33.36,49.63
3/14/2018 16:00,63.82,33.86,50.76
3/15/2018 16:00,63.81,33.11,50.3
3/16/2018 16:00,63.19,33.2,50.51
3/19/2018 16:00,62.48,33.6,50.59
3/20/2018 16:00,61.52,33.53,50.85
3/21/2018 16:00,60,33.58,51.11
3/22/2018 16:00,60.39,32.2,50.12
3/23/2018 16:00,59.27,31.04,49.55
3/26/2018 16:00,59.6,31.99,50.38
3/27/2018 16:00,60.72,31.81,49.96
3/28/2018 16:00,62.45,31.33,50.17
3/29/2018 16:00,62.32,31.86,50.72
4/2/2018 16:00,60.51,30.76,50.51
4/3/2018 16:00,62.66,31.4,51.17
4/4/2018 16:00,63.35,32.03,51.72
4/5/2018 16:00,64.54,33.12,52.48
4/6/2018 16:00,63.85,32,51.43
4/9/2018 16:00,63.25,31.84,51.16
4/10/2018 16:00,64.22,32.37,51.88
4/11/2018 16:00,63.84,32.49,51.66
4/12/2018 16:00,63.4,33.18,51.86
4/13/2018 16:00,63.95,32.74,51.68
4/16/2018 16:00,64.25,33.93,52.26
4/17/2018 16:00,63.98,34.4,52.38
4/18/2018 16:00,61.5,35.04,52.84
4/19/2018 16:00,57.78,35.03,52.78
4/20/2018 16:00,57.23,34.99,52.7
4/23/2018 16:00,56.57,35.02,52.7
4/24/2018 16:00,55.3,34.24,52.39
4/25/2018 16:00,55.84,33.75,52.26
4/26/2018 16:00,54.77,33.45,52.31
4/27/2018 16:00,56.13,33.11,52.59
4/30/2018 16:00,56.11,33.21,52.13
5/1/2018 16:00,56.03,34.04,51.79
5/2/2018 16:00,55.69,33.95,52.33
5/3/2018 16:00,56.36,33.44,53.63
5/4/2018 16:00,56.26,33.7,54.18
5/7/2018 16:00,55.71,33.4,54.14
5/8/2018 16:00,55.27,33.96,54.74
5/9/2018 16:00,55.92,33.61,55.37
5/10/2018 16:00,56.04,35.27,55.54
5/11/2018 16:00,55.19,34.99,55.31
5/14/2018 16:00,55.02,36.06,55.47
5/15/2018 16:00,54.52,36.16,55.59
5/16/2018 16:00,54.87,36.3,55.8
5/17/2018 16:00,55.29,36.88,55.52
5/18/2018 16:00,55.54,36.55,55.49
5/21/2018 16:00,55.64,37.01,55.97
5/22/2018 16:00,55.21,36.44,55.36
5/23/2018 16:00,55.88,36.25,55.25
5/24/2018 16:00,55.89,36.58,55.23
5/25/2018 16:00,55.63,37.17,55.26
5/29/2018 16:00,55.73,37.33,55.11
5/30/2018 16:00,56.59,37.9,55.6
5/31/2018 16:00,55.74,37.75,55.31
6/1/2018 16:00,55.72,38.61,55.11
6/4/2018 16:00,56.02,38.22,54.97
6/5/2018 16:00,56.33,36.99,54.81
6/6/2018 16:00,56.31,38.03,54.97
6/7/2018 16:00,56.69,37.45,54.99
6/8/2018 16:00,57.71,36.58,54.83
6/11/2018 16:00,58.25,36.95,54.91
6/12/2018 16:00,57.88,37.13,55.05
6/13/2018 16:00,57.43,36.88,54.69
6/14/2018 16:00,56.7,36.19,54.55
6/15/2018 16:00,57.79,36.57,54.75
6/18/2018 16:00,56.6,36.85,54.98
6/19/2018 16:00,56.79,36.68,54.69
6/20/2018 16:00,56.75,36.88,54.55
6/21/2018 16:00,56.69,36.77,54.24
6/22/2018 16:00,57.02,36.58,54.36
6/25/2018 16:00,57.07,34.79,53.93
6/26/2018 16:00,56.1,35.43,54.15
6/27/2018 16:00,55.99,34.6,53.92
6/28/2018 16:00,57.29,34.5,54.02
6/29/2018 16:00,56.79,34.66,54.15
7/2/2018 16:00,55.87,34.48,53.77
7/3/2018 13:00,56.46,35.14,54.14
7/5/2018 16:00,57.63,35.74,54.48
7/6/2018 16:00,58.29,36.79,54.59
7/9/2018 16:00,58.02,37.08,55.35
7/10/2018 16:00,58.76,37.26,55.05
7/11/2018 16:00,58.69,37.34,54.82
7/12/2018 16:00,58.01,38.19,54.91
7/13/2018 16:00,58.5,38.17,54.95
7/16/2018 16:00,57.14,37.93,54.96
7/17/2018 16:00,57.35,38.34,55.33
7/18/2018 16:00,57.43,37.91,55.85
7/19/2018 16:00,56.94,38.11,55.52
7/20/2018 16:00,57.64,38.35,55.53
7/23/2018 16:00,57.59,37.83,55.5
7/24/2018 16:00,57.99,37.64,55.75
7/25/2018 16:00,57.85,37.72,56.14
7/26/2018 16:00,56.1,36.51,56.37
7/27/2018 16:00,57.9,35.39,56.69
7/30/2018 16:00,58.45,35.92,56
7/31/2018 16:00,58.68,37.35,56.13
8/1/2018 16:00,58.08,35.48,56.9
8/2/2018 16:00,58.83,36.16,57.27
8/3/2018 16:00,59.73,36.78,57.46
8/6/2018 16:00,60.21,36.68,57.44
8/7/2018 16:00,59.56,36.03,57.75
8/8/2018 16:00,58.61,35.87,57.91
8/9/2018 16:00,59.22,35.7,57.75
8/10/2018 16:00,59.05,35.08,57.25
8/13/2018 16:00,58.98,34.4,56.72
8/14/2018 16:00,59.21,35.36,56.7
8/15/2018 16:00,60.18,35.18,56.19
8/16/2018 16:00,60.83,35.66,56.63
8/17/2018 16:00,61,35.8,56.56
8/20/2018 16:00,60.99,36.57,56.81
8/21/2018 16:00,59.93,36.56,57.05
8/22/2018 16:00,59.32,36.93,57.08
8/23/2018 16:00,59.82,36.97,56.68
8/24/2018 16:00,58.78,36.88,56.77
8/27/2018 16:00,59.01,36.08,57.06
8/28/2018 16:00,58.45,36.24,57.2
8/29/2018 16:00,58.42,36.4,57.22
8/30/2018 16:00,58.68,36.21,56.98
8/31/2018 16:00,58.52,36.42,56.97
9/4/2018 16:00,59.11,35.3,56.79
9/5/2018 16:00,60.65,34.49,56.64
9/6/2018 16:00,60.79,32.97,56.79
9/7/2018 16:00,60.93,32.84,56.42
9/10/2018 16:00,60.58,33.25,56.85
9/11/2018 16:00,59.47,33.45,56.81
9/12/2018 16:00,63.43,34.46,56.7
9/13/2018 16:00,61.46,33.78,56.82
9/14/2018 16:00,62.07,33.57,57.05
9/17/2018 16:00,62.44,33.14,57.07
9/18/2018 16:00,62.14,33.72,57.27
9/19/2018 16:00,61.84,33.37,57.2
9/20/2018 16:00,62.26,34.46,57.31
9/21/2018 16:00,62.55,34.36,57.56
9/24/2018 16:00,61.06,33.68,57.28
9/25/2018 16:00,60.71,34.05,57.28
9/26/2018 16:00,60.81,33.92,57.19
9/27/2018 16:00,60.77,33.83,57.27
9/28/2018 16:00,60.31,33.85,57.52
10/1/2018 16:00,60.33,33.51,56.95
10/2/2018 16:00,61.29,33.16,57.15
10/3/2018 16:00,60.86,34.05,57.23
10/4/2018 16:00,61.78,33.67,56.86
10/5/2018 16:00,62.07,32.04,56.22
10/8/2018 16:00,63.17,31.73,56.11
10/9/2018 16:00,63.1,32.21,55.28
10/10/2018 16:00,62.91,31.08,54.15
10/11/2018 16:00,61.12,31.69,52.84
10/12/2018 16:00,60.06,31.84,52.69
10/15/2018 16:00,61.44,31.7,53.15
10/16/2018 16:00,60.77,32.71,53.71
10/17/2018 16:00,60.62,32.94,53.28
10/18/2018 16:00,60.93,31.74,52.66
10/19/2018 16:00,61.95,31.08,52.72
10/22/2018 16:00,61.31,30.5,51.3
10/23/2018 16:00,61.85,29.29,50.82
10/24/2018 16:00,62.31,27.66,48.82
10/25/2018 16:00,63.16,29.59,49.64
10/26/2018 16:00,63.09,26.01,49.38
10/29/2018 16:00,64.59,24.41,49.57
10/30/2018 16:00,65.87,25.06,50.3
10/31/2018 16:00,65.04,26.56,50.08
11/1/2018 16:00,63.67,28.41,51.46
11/2/2018 16:00,63.67,27.79,50.96
11/5/2018 16:00,64.63,27.04,50.88
11/6/2018 16:00,64.87,27.45,51.35
11/7/2018 16:00,65.37,27.33,52.11
11/8/2018 16:00,65.37,26.75,51.87
11/9/2018 16:00,63.42,24.95,52.25
11/12/2018 16:00,61.2,23.65,51.6
11/13/2018 16:00,60,23.62,51.89
11/14/2018 16:00,59.1,24.63,51.85
11/15/2018 16:00,57.28,25.17,51.15
11/16/2018 16:00,56.78,24.87,50.54
11/19/2018 16:00,55.68,23.75,50.09
11/20/2018 16:00,55.63,22.5,48.85
11/21/2018 16:00,54.39,23.46,50.01
11/23/2018 13:00,53.72,23.07,49.7
11/26/2018 16:00,53.21,23.92,51.03
11/27/2018 16:00,53.79,23.59,51.47
11/28/2018 16:00,54.95,24.95,52.66
11/29/2018 16:00,55.94,24.86,52.63
11/30/2018 16:00,54.83,24.82,52.87
12/3/2018 16:00,55.73,25.75,53.43
12/4/2018 16:00,54.4,24.42,51.5
12/6/2018 16:00,54.4,24.37,50.31
12/7/2018 16:00,54.18,23.75,49.75
12/10/2018 16:00,53.36,24,48.68
12/11/2018 16:00,53.95,23.41,47.95
12/12/2018 16:00,53.33,24.02,48.16
12/13/2018 16:00,53.92,24,47.62
12/14/2018 16:00,52.73,23.92,46.75
12/17/2018 16:00,52.35,22.82,45.74
12/18/2018 16:00,50.89,22.35,46.01
12/19/2018 16:00,51.4,20.8,44.7
12/20/2018 16:00,50.44,20.38,42.16
12/21/2018 16:00,49.09,19.69,39.18
12/24/2018 13:00,47.56,19.26,36.86
12/26/2018 16:00,48.43,21.01,38.84
12/27/2018 16:00,48.7,20.45,38.74
12/28/2018 16:00,48.89,20.39,39.46
12/31/2018 16:00,49.39,20.78,39.6
1/2/2019 16:00,49.31,21.27,40.77
1/3/2019 16:00,49.04,21.06,38.71
1/4/2019 16:00,50.3,22.26,41.8
1/7/2019 16:00,48.78,23.39,43.61
1/8/2019 16:00,49.06,24.52,42.97
1/9/2019 16:00,49.66,25.61,44.11
1/10/2019 16:00,48.86,26.08,44.41
1/11/2019 16:00,48.9,26.24,46.11
1/14/2019 16:00,48.26,25.39,45.24
1/15/2019 16:00,47.91,25.28,45.55
1/16/2019 16:00,47.2,25.79,45.4
1/17/2019 16:00,47.06,25.81,45.7
1/18/2019 16:00,48.31,26.71,46.64
1/22/2019 16:00,44.97,26.02,45.27
1/23/2019 16:00,44.7,25.65,45.02
1/24/2019 16:00,43.33,25.98,45.69
1/25/2019 16:00,44.24,26.72,46.99
1/28/2019 16:00,45.3,26.59,46.86
1/29/2019 16:00,45.91,26.18,46.85
1/30/2019 16:00,47.8,26.66,48.08
1/31/2019 16:00,49.35,27.32,47.26
2/1/2019 16:00,49.2,27.68,47.41
2/4/2019 16:00,49.11,27.92,47.4
2/5/2019 16:00,49.04,27.71,47.55
2/6/2019 16:00,49.27,27.56,47.13
2/7/2019 16:00,48.72,27.19,46.26
2/8/2019 16:00,48.84,26.62,45.65
2/11/2019 16:00,48.89,27.18,46.19
2/12/2019 16:00,49.66,27.44,47.14
2/13/2019 16:00,49,27.56,47.51
2/14/2019 16:00,49.14,27.45,47.68
2/15/2019 16:00,48.74,27.85,48.07
2/19/2019 16:00,48.99,28.1,48.29
2/20/2019 16:00,50.51,28.4,47.65
2/21/2019 16:00,50.37,28.28,46.5
2/22/2019 16:00,51.5,31,46.37
2/25/2019 16:00,51.84,30.86,46.44
2/26/2019 16:00,52.1,31.12,46.49
2/27/2019 16:00,52.32,30.88,45.93
2/28/2019 16:00,52.41,29.76,45.14
3/1/2019 16:00,52.75,30.11,45.07
3/4/2019 16:00,52.46,29.75,44.12
3/5/2019 16:00,52.88,29.26,43.41
3/6/2019 16:00,54.67,28.68,41.49
3/7/2019 16:00,54.74,28.49,40.84
3/8/2019 16:00,55.37,28.94,40.96
3/11/2019 16:00,56.01,29.32,41.63
3/12/2019 16:00,55.75,28.8,43.55
3/13/2019 16:00,56.13,29.06,43.08
3/14/2019 16:00,56.4,28.38,42.9
3/15/2019 16:00,56.75,28.23,43.48
3/18/2019 16:00,57.3,28.05,44.2
3/19/2019 16:00,56.01,27.76,44.45
3/20/2019 16:00,55.72,27.61,44.02
3/21/2019 16:00,56.93,27.92,45.7
3/22/2019 16:00,55.92,27.35,44.9
3/25/2019 16:00,56.55,27.64,44.26
3/26/2019 16:00,57.03,27.93,44.68
3/27/2019 16:00,56.3,26.88,45.19
3/28/2019 16:00,56.7,27.32,45.86
3/29/2019 16:00,57.43,27.36,46.54
4/1/2019 16:00,57.73,28.34,47.64
4/2/2019 16:00,56.69,28.58,47.6
4/3/2019 16:00,53.98,29.15,47.92
4/4/2019 16:00,54.6,29.02,48.49
4/5/2019 16:00,54.77,29.15,49
4/8/2019 16:00,55.28,28.89,48.4
4/9/2019 16:00,55.11,28.34,47.1
4/10/2019 16:00,55.42,29.19,47.4
4/11/2019 16:00,55.98,29.4,48.45
4/12/2019 16:00,56.56,29.87,49.21
4/15/2019 16:00,56.94,29.57,48.93
4/16/2019 16:00,56.39,29.89,49.26
4/17/2019 16:00,56.18,29.6,49.8
4/18/2019 16:00,54.37,29.8,49.41
4/22/2019 16:00,54.61,29.82,48.66
